,FATAL,INCAPACITATING INJURY,NO INDICATION OF INJURY,NONINCAPACITATING INJURY,"REPORTED, NOT EVIDENT"
Intercept,-0.07870280573915919,-0.07855764279827097,0.39576850718587947,-0.03344088943963162,-0.018113974109635392
POSTED_SPEED_LIMIT[T.1],.,.,.,.,.
POSTED_SPEED_LIMIT[T.2],.,.,.,.,.
POSTED_SPEED_LIMIT[T.3],.,.,0.00011891805658728246,0.00014914107135353987,-0.00011791434909841887
POSTED_SPEED_LIMIT[T.4],.,.,.,.,.
POSTED_SPEED_LIMIT[T.5],-0.0001435110051417891,-0.0013801743527829123,0.0017333646464289777,-0.00039002544135671437,0.00034030224389076317
POSTED_SPEED_LIMIT[T.6],.,.,.,.,.
POSTED_SPEED_LIMIT[T.7],.,.,.,.,.
POSTED_SPEED_LIMIT[T.8],.,.,.,.,.
POSTED_SPEED_LIMIT[T.9],.,.,.,.,.
POSTED_SPEED_LIMIT[T.10],-0.0010913320567242446,-0.004352286139619484,0.00877208886347341,-0.003217072706566537,0.0012250357504041713
POSTED_SPEED_LIMIT[T.11],.,.,.,.,.
POSTED_SPEED_LIMIT[T.12],.,.,.,.,.
POSTED_SPEED_LIMIT[T.14],.,.,.,.,.
POSTED_SPEED_LIMIT[T.15],-0.0016681922534429335,-0.008988325881632814,0.020264260779921255,-0.004341017846816574,-0.0004523390500035561
POSTED_SPEED_LIMIT[T.16],.,.,.,.,.
POSTED_SPEED_LIMIT[T.18],.,.,.,.,.
POSTED_SPEED_LIMIT[T.20],-0.0038348257059381,-0.011116799945466159,0.022245204345441704,-0.0005457672893094605,-0.0017057894912197189
POSTED_SPEED_LIMIT[T.22],.,.,.,.,.
POSTED_SPEED_LIMIT[T.23],.,.,.,.,.
POSTED_SPEED_LIMIT[T.24],.,.,.,.,.
POSTED_SPEED_LIMIT[T.25],-0.001129977734093894,-0.009415617473338175,0.0297118984691983,-0.003067036442751676,-0.009483717948638943
POSTED_SPEED_LIMIT[T.26],.,.,.,.,.
POSTED_SPEED_LIMIT[T.29],.,.,.,.,.
POSTED_SPEED_LIMIT[T.30],-0.05141422200452143,-0.04516748140705068,0.07664638585979726,0.004493561571192296,0.01876977202563526
POSTED_SPEED_LIMIT[T.31],.,.,.,.,.
POSTED_SPEED_LIMIT[T.32],.,.,.,.,.
POSTED_SPEED_LIMIT[T.33],.,.,.,.,.
POSTED_SPEED_LIMIT[T.34],.,.,.,.,.
POSTED_SPEED_LIMIT[T.35],-0.0053326100424764865,0.0055687902525217575,0.019553098500264283,-0.006628178209465546,-0.012391164855335396
POSTED_SPEED_LIMIT[T.36],.,.,.,.,.
POSTED_SPEED_LIMIT[T.38],.,.,.,.,.
POSTED_SPEED_LIMIT[T.39],.,0.0001182672776899662,.,.,.
POSTED_SPEED_LIMIT[T.40],0.0015163252080932937,0.0025645938197221643,0.004589391392388867,-0.004502968684336049,-0.004223451851107314
POSTED_SPEED_LIMIT[T.44],.,.,.,.,.
POSTED_SPEED_LIMIT[T.45],0.0009749005584942674,0.0003511234591599888,0.0034188381227567314,-0.002257012336224354,-0.002266833335983154
POSTED_SPEED_LIMIT[T.46],.,.,.,.,.
POSTED_SPEED_LIMIT[T.49],.,.,.,.,.
POSTED_SPEED_LIMIT[T.50],.,.,0.0002295052225061122,.,-0.00018197759900738706
POSTED_SPEED_LIMIT[T.55],.,0.0003329060001560862,0.00023022720206748783,-0.00036111619369255275,-0.00012192794927854718
POSTED_SPEED_LIMIT[T.60],.,.,.,-0.00012088396871856623,.
POSTED_SPEED_LIMIT[T.62],.,.,.,.,.
POSTED_SPEED_LIMIT[T.63],.,.,.,.,.
POSTED_SPEED_LIMIT[T.65],.,.,.,.,.
POSTED_SPEED_LIMIT[T.70],.,.,.,.,.
POSTED_SPEED_LIMIT[T.99],.,.,.,.,0.00012108657788445565
TRAFFIC_CONTROL_DEVICE[T.DELINEATORS],-0.00013362274056580385,0.00032628129608574245,0.0009362697291940041,.,-0.0011802910769807354
TRAFFIC_CONTROL_DEVICE[T.FLASHING CONTROL SIGNAL],-0.0001382400957224826,0.0001487165840952556,0.00017423867000605705,.,-0.00021854448972295044
TRAFFIC_CONTROL_DEVICE[T.LANE USE MARKING],-0.0003064203806790787,.,0.000922665428092709,-0.0008546033891858111,0.00032693626024139587
TRAFFIC_CONTROL_DEVICE[T.NO CONTROLS],-0.011317330945991763,-0.034677625499096816,0.2578555241264545,-0.0007342466824114324,-0.012826467580592506
TRAFFIC_CONTROL_DEVICE[T.NO PASSING],.,.,.,.,.
TRAFFIC_CONTROL_DEVICE[T.OTHER],0.00011866286566135893,-0.0007023697529715217,0.005873649769197369,-0.0024924795058764103,-0.0019849794507951404
TRAFFIC_CONTROL_DEVICE[T.OTHER RAILROAD CROSSING],.,.,0.00012680638950572848,-0.00011623023864558568,.
TRAFFIC_CONTROL_DEVICE[T.OTHER REG. SIGN],.,0.00010489424071777034,0.0011446474870615828,-0.000765348610022155,-0.00034760381814682507
TRAFFIC_CONTROL_DEVICE[T.OTHER WARNING SIGN],.,-0.0005456681238787468,0.001695154316146436,-0.0006837084850494385,-0.0002870966030255729
TRAFFIC_CONTROL_DEVICE[T.PEDESTRIAN CROSSING SIGN],.,0.0005557507506292052,-0.0012550654272801313,0.00021745505049473122,0.0002813559909592344
TRAFFIC_CONTROL_DEVICE[T.POLICE/FLAGMAN],.,0.0001770998914759888,.,-0.00026961546449393356,.
TRAFFIC_CONTROL_DEVICE[T.RAILROAD CROSSING GATE],0.0002847117847764649,-0.000307225428077023,0.00026924710336576687,-0.00016686485503904173,.
TRAFFIC_CONTROL_DEVICE[T.RR CROSSING SIGN],.,.,0.00012339206074655313,.,.
TRAFFIC_CONTROL_DEVICE[T.SCHOOL ZONE],0.0003249149391694628,-0.0005163984640180411,.,.,0.000200712778929622
TRAFFIC_CONTROL_DEVICE[T.STOP SIGN/FLASHER],-0.016639316265997788,-0.0230077139784787,0.04516359847442296,-0.0025215479889252835,-0.00025056359317655164
TRAFFIC_CONTROL_DEVICE[T.TRAFFIC SIGNAL],-0.028447589382480445,-0.010708942101040396,0.048499645273338596,-0.012501207318674355,-0.0011119734054641194
TRAFFIC_CONTROL_DEVICE[T.UNKNOWN],-0.004155304179872719,-0.00870800326622127,0.032134087832346,-0.004834979232491155,-0.007435426638138591
TRAFFIC_CONTROL_DEVICE[T.YIELD],-0.0001278260300414637,.,0.0004800752063049222,-0.00041049038600282997,0.00015190657875144872
DEVICE_CONDITION[T.FUNCTIONING PROPERLY],-0.0386046207757819,-0.029549673056710104,0.09370719798596974,-0.01739863726764665,-0.010254094414609519
DEVICE_CONDITION[T.MISSING],.,-0.00017336703130844578,0.0001589961167326309,.,.
DEVICE_CONDITION[T.NO CONTROLS],-0.016202601266982874,-0.04004800088588836,0.2366537540543847,0.0025031110900841863,0.0014864162401542283
DEVICE_CONDITION[T.NOT FUNCTIONING],-0.00015887274498946075,0.0002697974778590814,0.0012593104211311209,-0.0014337776134943135,.
DEVICE_CONDITION[T.OTHER],-0.0005593561145006847,-0.000642241391331665,0.005555781777806823,-0.0019026242972189306,-0.0016928005847908609
DEVICE_CONDITION[T.UNKNOWN],-0.008013456487402641,-0.009003066455930294,0.043067811885032524,-0.007923437027080399,-0.009126740328718123
DEVICE_CONDITION[T.WORN REFLECTIVE MATERIAL],.,-0.00022340534049934032,0.000277472568580661,.,.
WEATHER_CONDITION[T.BLOWING SNOW],0.00016624258040833482,-0.00022070172936873396,0.00028370572041768,.,-0.0002039125564825037
WEATHER_CONDITION[T.CLEAR],-0.04647869566707807,-0.019160395967886844,0.1110457526184448,-0.0022295138525741053,-0.014278610337197793
WEATHER_CONDITION[T.CLOUDY/OVERCAST],-0.0028526491553457307,-0.005637003999103189,0.010150148509474264,-0.0009638170810853483,0.00015843133785782866
WEATHER_CONDITION[T.FOG/SMOKE/HAZE],.,-0.0007920637386825718,0.0005758815949253346,0.00020603996808100933,.
WEATHER_CONDITION[T.FREEZING RAIN/DRIZZLE],-0.00020867976064643584,-0.0005882627529450021,0.0013407036430716707,-0.0005663760115207329,0.00017067473560203715
WEATHER_CONDITION[T.OTHER],-0.0003274880047654414,-0.0004382946704337186,0.001024528518704394,-0.0008496361704615534,0.0006370152341421186
WEATHER_CONDITION[T.RAIN],-0.0072961813305578525,-0.019487634982347377,0.03323965805423861,-0.004174040060116701,0.0018653839435796946
WEATHER_CONDITION[T.SEVERE CROSS WIND GATE],0.00011912901314909999,.,0.00011373936577295175,.,.
WEATHER_CONDITION[T.SLEET/HAIL],-0.0003022709047572394,-0.0006684681508857941,0.0007845521910449509,0.00013871809805258363,0.00010067620934643507
WEATHER_CONDITION[T.SNOW],-0.0028965075887417064,-0.011587710938457197,0.02666289812593917,-0.008198889090062222,0.00015459923037745081
WEATHER_CONDITION[T.UNKNOWN],-0.0042805552897987745,-0.012310375571878994,0.041102445162146735,-0.00919490497201416,-0.004491545816267709
"LIGHTING_CONDITION[T.DARKNESS, LIGHTED ROAD]",0.024239471888916373,-0.009429492528745495,0.075761476501813,-0.03202831181737066,-0.056643475018926845
LIGHTING_CONDITION[T.DAWN],-0.0017815801217866878,-0.0023113175195856196,0.008974715160600086,-0.0005448968800118957,-0.0030696231009513593
LIGHTING_CONDITION[T.DAYLIGHT],-0.08429844746850544,-0.04838653913136449,0.05242846896829142,0.014830731030040921,0.059902157846092596
LIGHTING_CONDITION[T.DUSK],-0.0006851651593488981,-0.00144215348527335,0.0030094732730173482,-0.0016946561374872088,0.0008808365630787445
LIGHTING_CONDITION[T.UNKNOWN],-0.004386628326787104,-0.011387885246272456,0.042372257569566425,-0.012541446785192058,-0.0032788089762020587
FIRST_CRASH_TYPE[T.ANIMAL],0.0007795955096134308,.,0.0001253024245953712,-0.0005561669543833759,-0.00028508737199046166
FIRST_CRASH_TYPE[T.FIXED OBJECT],0.011264686260958907,-0.0426625658063724,0.2141089792430147,-0.05585125407567917,-0.07987216215307852
FIRST_CRASH_TYPE[T.HEAD ON],0.005210686180672621,0.016479061997863205,-0.00495337556823676,-0.007083882346168033,-0.008810841242195418
FIRST_CRASH_TYPE[T.OTHER NONCOLLISION],-0.000723213034782066,-0.0008516899089792514,0.0054623850148576335,.,-0.003208251207996379
FIRST_CRASH_TYPE[T.OTHER OBJECT],-0.0007105507031811639,-0.0034603274849571227,0.02505122141301702,-0.005795853367942424,-0.010937245845432578
FIRST_CRASH_TYPE[T.OVERTURNED],0.00011570460754087837,-0.0010464150641362547,0.001906340896460194,0.0005848743156263913,-0.0015569700001431702
FIRST_CRASH_TYPE[T.PARKED MOTOR VEHICLE],-0.009510299906948844,-0.09012880637330824,0.5216436069567599,-0.08396153516376331,-0.09618123932511217
FIRST_CRASH_TYPE[T.PEDALCYCLIST],-0.006495801480710659,0.013408792622932755,-0.1293911057270848,0.11652279630808289,0.000519860442624492
FIRST_CRASH_TYPE[T.PEDESTRIAN],0.018298216530241197,0.10962820436937011,-0.2708661659083006,0.10843153326225059,-0.002351759350736349
FIRST_CRASH_TYPE[T.REAR END],-0.030300854524150926,-0.05296431290137689,-0.053953423621423025,0.001874714451199172,0.1938439553074355
FIRST_CRASH_TYPE[T.REAR TO FRONT],-0.0003948334496061757,-0.0010029955277890876,0.002753823016096549,-0.002210911739424639,0.00116505422172637
FIRST_CRASH_TYPE[T.REAR TO REAR],.,.,0.0004893649486067003,-0.0002047297779588718,.
FIRST_CRASH_TYPE[T.REAR TO SIDE],-0.0005761083947571928,-0.0001673496025175132,0.0013792024380834926,-0.0005361122492637864,.
FIRST_CRASH_TYPE[T.SIDESWIPE OPPOSITE DIRECTION],-0.0008202272521388636,0.0008418618385572702,0.0012356837923196127,-0.0010282322468650755,-0.0002037080702917822
FIRST_CRASH_TYPE[T.SIDESWIPE SAME DIRECTION],-0.011397183012931859,-0.022044623805419727,0.07061002402982383,-0.03116884082413551,0.009081000387568039
FIRST_CRASH_TYPE[T.TRAIN],0.00024003358921799713,-0.00023265586445291145,.,.,.
FIRST_CRASH_TYPE[T.TURNING],-0.017204547315689926,-0.015975847706884327,0.042292124149916385,-0.00964994370407725,0.0036837020308980654
TRAFFICWAY_TYPE[T.CENTER TURN LANE],0.0006300642518425502,-0.0007038567956149342,0.0013349156944736061,0.0010043017493880273,-0.002435854234942199
TRAFFICWAY_TYPE[T.DIVIDED - W/MEDIAN (NOT RAISED)],-0.0009197762821586,-0.004827850555194817,0.0019087738404026386,-0.0029158565303039675,0.007528697834601582
TRAFFICWAY_TYPE[T.DIVIDED - W/MEDIAN BARRIER],0.0018535140477278964,-0.0012931637920623605,0.02455447686097459,-0.011904240315308432,-0.010535814432073399
TRAFFICWAY_TYPE[T.DRIVEWAY],-0.00018476860577456316,-0.0010242155918108542,0.0004540969551206558,0.0005852833189528338,0.0001661243361126449
"TRAFFICWAY_TYPE[T.FIVE POINT, OR MORE]",-0.00011400836721418183,-0.00019893331754213068,0.00014588849821915302,0.0007556746115210108,-0.0005998906959133987
TRAFFICWAY_TYPE[T.FOUR WAY],-0.0071988241492954306,0.00454404753485547,0.0020876174547577037,0.013742167670890974,-0.011265755028350552
TRAFFICWAY_TYPE[T.L-INTERSECTION],.,0.00015788454278961784,.,-0.00011110721770072602,-0.0002450377343021003
TRAFFICWAY_TYPE[T.NOT DIVIDED],-0.02774063536529521,-0.022895900997852374,0.03747422816496913,0.0002584846021202849,0.01622434689581164
TRAFFICWAY_TYPE[T.NOT REPORTED],.,.,.,.,.
TRAFFICWAY_TYPE[T.ONE-WAY],-0.0059544663830312225,-0.030270164054961204,0.08499446355060142,-0.008296455283320492,-0.00883248297638998
TRAFFICWAY_TYPE[T.OTHER],-0.0017776959413573123,-0.001107094331392835,0.009555263843556639,-0.00617530358598832,0.000554656281930608
TRAFFICWAY_TYPE[T.PARKING LOT],-0.004845003229482519,-0.014514340992146808,0.03208694522789497,-0.005747257614076653,0.002804392253957184
TRAFFICWAY_TYPE[T.RAMP],-0.0006178614144402032,-0.001139297368619314,0.0027350167064125385,-0.00012008333066427418,-0.0005122706715507005
TRAFFICWAY_TYPE[T.ROUNDABOUT],-0.0001042754146788666,-0.00012341596792766503,0.0002939043491472705,-0.0001125914501274508,.
TRAFFICWAY_TYPE[T.T-INTERSECTION],-0.0007332030503103929,.,0.0026323504936291704,-0.000313350510196695,-0.0015000650756520151
TRAFFICWAY_TYPE[T.TRAFFIC ROUTE],-0.00020343108683591783,-0.0004102628151787631,0.00018677188215382033,0.00020911279291023501,0.00020687105307819588
TRAFFICWAY_TYPE[T.UNKNOWN],-0.0011097396718824132,-0.0010223506616532806,0.005533203297747186,-0.0014195949779178879,-0.000786940419100368
TRAFFICWAY_TYPE[T.UNKNOWN INTERSECTION TYPE],.,-0.0003743044037607662,0.00038756375790328473,-0.0005254273299866594,0.0006118896285828552
TRAFFICWAY_TYPE[T.Y-INTERSECTION],-0.00027193992483716715,0.0006799487165379296,0.00023940485091059695,-0.00029736596954768943,-0.0003178577127913315
ALIGNMENT[T.CURVE ON HILLCREST],0.0002513181750711789,-0.00019453334868503952,0.0005892273967190695,-0.00012583677965576122,-0.0004898254528583825
"ALIGNMENT[T.CURVE, LEVEL]",0.0004378201424726918,-0.0030977223976799027,0.015527905203283674,-0.005617197227594696,-0.005857378219921942
ALIGNMENT[T.STRAIGHT AND LEVEL],-0.07674301750059928,-0.07474734572940024,0.3281962792987285,-0.012967900316052772,0.0017997678251809553
ALIGNMENT[T.STRAIGHT ON GRADE],.,-0.0004920194605901109,0.012159097506729421,-0.005492443613310196,-0.005379942078316001
ALIGNMENT[T.STRAIGHT ON HILLCREST],0.00026813666203673764,0.00041271067040265017,0.0023978800292056355,-0.0015505042958015175,-0.0015492252714629005
ROADWAY_SURFACE_COND[T.ICE],.,-0.00249577232503885,0.0052448490345243,-0.0015532316810836955,-0.0002604935352671315
ROADWAY_SURFACE_COND[T.OTHER],0.0001721850276489978,-0.0006904493089116196,0.0014519969383676333,-0.0005241606539214633,-0.0002554457557924901
"ROADWAY_SURFACE_COND[T.SAND, MUD, DIRT]",-0.00010145126270768093,0.0001425495812471435,0.0002530747264074219,-0.00012200500218272528,-0.00015782016532939623
ROADWAY_SURFACE_COND[T.SNOW OR SLUSH],-0.002126636811117485,-0.01276060156993863,0.0253830786512986,-0.008680656726716697,0.001801943536202887
ROADWAY_SURFACE_COND[T.UNKNOWN],-0.006493572963211656,-0.019388088113278204,0.04056430111404726,-0.006486028361700703,0.0005509464452978753
ROADWAY_SURFACE_COND[T.WET],-0.012970617758632993,-0.022617001366245497,0.05263480795709501,-0.013635123319015917,0.004623142369239791
ROAD_DEFECT[T.NO DEFECTS],-0.0540891583638952,-0.03931161587064452,0.1593388875262869,-0.005448117861321349,-0.012633146255337074
ROAD_DEFECT[T.OTHER],-0.00020318674767612772,-0.0009679298711973409,0.005741827461752404,-0.003721843135089271,-0.00017614407440872927
"ROAD_DEFECT[T.RUT, HOLES]",-0.0015306606535554663,-0.0027195692556252387,0.012551770182694657,-0.004800688978892305,-0.001668349820675614
ROAD_DEFECT[T.SHOULDER DEFECT],.,0.0003560968806953697,0.0006054311323349524,-0.0007237868388668499,-0.0003125394600883042
ROAD_DEFECT[T.UNKNOWN],-0.012361321897210566,-0.030284582484402925,0.06346529325858093,-0.00866776475048726,-0.0006558780913048357
ROAD_DEFECT[T.WORN SURFACE],0.0004533533834598365,-0.0007180193288742347,0.0019475638307888106,-0.0018283456647014713,0.00012861651996567725
REPORT_TYPE[T.NO REPORT],0.030386222308611602,0.022368337402280423,-0.02125844215437131,-0.012545194417810034,-0.019059650839321807
REPORT_TYPE[T.NOT ON SCENE (DESK REPORT)],-0.05682607347457873,-0.17576791631467004,0.49594665654686,-0.07164201512127541,0.12698116220798628
REPORT_TYPE[T.ON SCENE],-0.0463890100960375,0.02899938834527183,0.12337808454786615,0.034488783271828236,-0.14179761942952468
CRASH_TYPE[T.NO INJURY / DRIVE AWAY],-0.04005724937414309,-0.2138301807372556,2.0754468823389516,-0.5726507087532877,-0.5096826490498884
"DAMAGE[T.$501 - $1,500]",-0.024429347691891798,-0.05064660819527684,0.13041916324829844,-0.02138410352961846,0.003962500460781929
"DAMAGE[T.OVER $1,500]",-0.02381271396624182,-0.0062401573548048735,0.247032408781724,-0.08548887079572243,-0.07728189970192166
PRIM_CONTRIBUTORY_CAUSE[T.BICYCLE ADVANCING LEGALLY ON RED LIGHT],.,0.00010998822493597203,-0.00014571840519797137,.,.
PRIM_CONTRIBUTORY_CAUSE[T.CELL PHONE USE OTHER THAN TEXTING],-0.00018633773693137735,.,0.00035549350725565753,.,-0.00019151376049716753
PRIM_CONTRIBUTORY_CAUSE[T.DISREGARDING OTHER TRAFFIC SIGNS],.,0.0015769596775060807,0.0010446481113213439,-0.002285031742289862,-0.0002515251359814082
PRIM_CONTRIBUTORY_CAUSE[T.DISREGARDING ROAD MARKINGS],0.00011046523084836089,-0.0004350104827625785,0.0003583071290026943,0.00013404812461055495,-0.00017072672981565022
PRIM_CONTRIBUTORY_CAUSE[T.DISREGARDING STOP SIGN],-0.0017754748955682855,-0.0009204735244441149,0.003583683744481793,-0.0003939935136864209,-0.0004422709926257279
PRIM_CONTRIBUTORY_CAUSE[T.DISREGARDING TRAFFIC SIGNALS],0.004762543800082862,0.023391130739719036,-0.001163778713828076,-0.008554625260404725,-0.015253204481123233
PRIM_CONTRIBUTORY_CAUSE[T.DISREGARDING YIELD SIGN],-0.00012334030474454277,.,.,0.00022279558934282538,.
PRIM_CONTRIBUTORY_CAUSE[T.DISTRACTION - FROM INSIDE VEHICLE],-0.0005853971348655312,-0.003066407813207393,0.0011269553952228627,0.0016977485977542684,0.000678999637142965
PRIM_CONTRIBUTORY_CAUSE[T.DISTRACTION - FROM OUTSIDE VEHICLE],.,-0.0008052122409384822,0.0010605018427463585,-0.0001519886740915725,.
"PRIM_CONTRIBUTORY_CAUSE[T.DISTRACTION - OTHER ELECTRONIC DEVICE (NAVIGATION DEVICE, DVD PLAYER, ETC.)]",.,-0.0004207373533114625,0.00018838314899654256,.,0.00013315549840494138
PRIM_CONTRIBUTORY_CAUSE[T.DRIVING ON WRONG SIDE/WRONG WAY],0.0017965407317477615,0.005194909146417052,-0.0010360530723835738,-0.0031854968820291397,-0.002100379171519386
PRIM_CONTRIBUTORY_CAUSE[T.DRIVING SKILLS/KNOWLEDGE/EXPERIENCE],-0.006061060902394445,-0.008610520833298059,0.027505226566775166,-0.003414611864685375,-0.00334779348405818
PRIM_CONTRIBUTORY_CAUSE[T.EQUIPMENT - VEHICLE CONDITION],-0.0021039305358314044,-0.0023345298804988905,0.012480433705054576,-0.004222414660091449,-0.0018142146147117459
"PRIM_CONTRIBUTORY_CAUSE[T.EVASIVE ACTION DUE TO ANIMAL, OBJECT, NONMOTORIST]",0.00012220240083709414,-0.0009664177129164388,0.000999456907147151,0.00026512044115680074,-0.00039171516471609596
PRIM_CONTRIBUTORY_CAUSE[T.EXCEEDING AUTHORIZED SPEED LIMIT],0.002665483048613927,0.0020290647715663266,0.0007154792082794687,-0.0024504474958910744,-0.0031239745043353004
PRIM_CONTRIBUTORY_CAUSE[T.EXCEEDING SAFE SPEED FOR CONDITIONS],0.00017545892971310677,-0.00021433969438010484,0.001988928988289277,-0.0012259114480449793,-0.0006121419146475686
PRIM_CONTRIBUTORY_CAUSE[T.FAILING TO REDUCE SPEED TO AVOID CRASH],0.001637435566265816,0.006147621555741663,-0.004150023141277569,0.0018664835296706855,-0.0049755070442425485
PRIM_CONTRIBUTORY_CAUSE[T.FAILING TO YIELD RIGHT-OF-WAY],-0.017092127430084886,0.010835924403819893,-0.03800144668926715,0.03754625663951689,0.0038034290912120866
PRIM_CONTRIBUTORY_CAUSE[T.FOLLOWING TOO CLOSELY],-0.014179938958631831,-0.03385680713177583,0.0003625402420937112,-0.0037286415995731936,0.06638982779718489
PRIM_CONTRIBUTORY_CAUSE[T.HAD BEEN DRINKING (USE WHEN ARREST IS NOT MADE)],.,.,.,-0.00036197403548198144,0.00024578870821403715
PRIM_CONTRIBUTORY_CAUSE[T.IMPROPER BACKING],-0.0023758318008765627,-0.006320965835527464,0.019251894834459212,-0.00552288254372768,.
PRIM_CONTRIBUTORY_CAUSE[T.IMPROPER LANE USAGE],-0.0027982727687615705,-0.003266436503277023,0.015528904848865994,-0.006605430607365215,0.0001794252446661355
PRIM_CONTRIBUTORY_CAUSE[T.IMPROPER OVERTAKING/PASSING],-0.0030321687281431578,-0.00997965275558491,0.01817399299781947,-0.00035513496521140516,-0.0006789388154882116
PRIM_CONTRIBUTORY_CAUSE[T.IMPROPER TURNING/NO SIGNAL],-0.005573903121189052,-0.01103408458149627,0.011990294768938243,0.002974223622946105,0.0017318100527774494
PRIM_CONTRIBUTORY_CAUSE[T.MOTORCYCLE ADVANCING LEGALLY ON RED LIGHT],.,.,.,.,.
PRIM_CONTRIBUTORY_CAUSE[T.NOT APPLICABLE],0.003069512635508228,-0.0081069015166119,0.0222769330252108,-0.0018554967844946154,-0.010890156084975115
PRIM_CONTRIBUTORY_CAUSE[T.OBSTRUCTED CROSSWALKS],.,-0.00011827847792831938,.,.,0.00016240821129229793
"PRIM_CONTRIBUTORY_CAUSE[T.OPERATING VEHICLE IN ERRATIC, RECKLESS, CARELESS, NEGLIGENT OR AGGRESSIVE MANNER]",0.0035426050436751055,0.009465570412658513,-0.0022044730968563014,-0.002028583008614508,-0.008320086441569086
PRIM_CONTRIBUTORY_CAUSE[T.PASSING STOPPED SCHOOL BUS],.,.,-0.00014710142859460673,.,0.00015838614514029412
PRIM_CONTRIBUTORY_CAUSE[T.PHYSICAL CONDITION OF DRIVER],0.010997337278636646,0.009817339492431828,-0.01153930104127602,0.00010330474140540137,-0.009566316685382029
PRIM_CONTRIBUTORY_CAUSE[T.RELATED TO BUS STOP],.,-0.0003481554424612159,.,0.00024882489827062984,0.00013812656495977717
PRIM_CONTRIBUTORY_CAUSE[T.ROAD CONSTRUCTION/MAINTENANCE],-0.0005472713407972691,-0.0017500352619808518,0.004231912334903558,-0.0004394847940788308,-0.0008504221633132154
PRIM_CONTRIBUTORY_CAUSE[T.ROAD ENGINEERING/SURFACE/MARKING DEFECTS],-0.00042534991455787366,-0.0010811627143013773,0.005555678002999413,-0.0013063584943211184,-0.0017503888257455634
PRIM_CONTRIBUTORY_CAUSE[T.TEXTING],.,.,.,0.00030384826659749463,-0.00022123725719899623
PRIM_CONTRIBUTORY_CAUSE[T.TURNING RIGHT ON RED],-0.00019630911881916396,-0.0003082064315335188,.,0.00024431771981132337,0.0003394445298112069
PRIM_CONTRIBUTORY_CAUSE[T.UNABLE TO DETERMINE],-0.016533340734078618,-0.04945016042530895,0.14036770730031561,-0.012264237771002618,0.015128950283102741
PRIM_CONTRIBUTORY_CAUSE[T.UNDER THE INFLUENCE OF ALCOHOL/DRUGS (USE WHEN ARREST IS EFFECTED)],0.001440729791823647,0.002823792510126044,0.004679159264992356,-0.002689208957842777,-0.0065753188497004135
"PRIM_CONTRIBUTORY_CAUSE[T.VISION OBSCURED (SIGNS, TREE LIMBS, BUILDINGS, ETC.)]",-0.0008062968415352412,0.0015249942399374978,-0.0019703377749251357,0.0020261818452529607,-0.0006789746548227448
PRIM_CONTRIBUTORY_CAUSE[T.WEATHER],-0.003958222006728055,-0.008825568988144539,0.01678225451047422,-0.0025313542842052414,0.00047376970676666545
SEC_CONTRIBUTORY_CAUSE[T.BICYCLE ADVANCING LEGALLY ON RED LIGHT],.,-0.00022546272764970005,.,.,0.00016489833741948837
SEC_CONTRIBUTORY_CAUSE[T.CELL PHONE USE OTHER THAN TEXTING],-0.00015155021600955177,-0.00020931937466394428,0.0004417506986610758,.,.
SEC_CONTRIBUTORY_CAUSE[T.DISREGARDING OTHER TRAFFIC SIGNS],0.00019331320635969853,0.0009736099776364188,.,-0.0009381665251748876,-0.0001409518903036557
SEC_CONTRIBUTORY_CAUSE[T.DISREGARDING ROAD MARKINGS],0.0001666561604292494,0.0006566511718265328,.,-0.0005378853151190318,-0.00021467550483349098
SEC_CONTRIBUTORY_CAUSE[T.DISREGARDING STOP SIGN],-0.0005601281242756315,0.0012205593974969084,0.0005252102566950818,-0.000346498436461774,-0.0007542706982205507
SEC_CONTRIBUTORY_CAUSE[T.DISREGARDING TRAFFIC SIGNALS],0.0006829707237950612,0.0038111584742105986,0.0001638127599097316,-0.001925363880084786,-0.002038925362785754
SEC_CONTRIBUTORY_CAUSE[T.DISREGARDING YIELD SIGN],.,.,.,-0.0004112179875256652,0.00014029914390834694
SEC_CONTRIBUTORY_CAUSE[T.DISTRACTION - FROM INSIDE VEHICLE],.,0.00015899947073992355,0.0005027827979359689,0.0007173911936441707,-0.0013677697720268606
SEC_CONTRIBUTORY_CAUSE[T.DISTRACTION - FROM OUTSIDE VEHICLE],0.0005160270967618791,0.0004618833919805074,.,-0.0011686685601345302,.
"SEC_CONTRIBUTORY_CAUSE[T.DISTRACTION - OTHER ELECTRONIC DEVICE (NAVIGATION DEVICE, DVD PLAYER, ETC.)]",.,-0.00040823843263691257,0.00016338515720358413,.,0.0001481359091196472
SEC_CONTRIBUTORY_CAUSE[T.DRIVING ON WRONG SIDE/WRONG WAY],0.0009535776371581771,0.0023255698290267778,-0.00026611919005419324,-0.0008972362291842533,-0.002041477669602492
SEC_CONTRIBUTORY_CAUSE[T.DRIVING SKILLS/KNOWLEDGE/EXPERIENCE],-0.004271376068014199,-0.006200734983617806,0.01841043441351124,0.00048460735858407754,-0.006445424960775425
SEC_CONTRIBUTORY_CAUSE[T.EQUIPMENT - VEHICLE CONDITION],-0.000505801849746706,.,0.003112026320708656,-0.0012478175877913807,-0.0011115391998382212
"SEC_CONTRIBUTORY_CAUSE[T.EVASIVE ACTION DUE TO ANIMAL, OBJECT, NONMOTORIST]",.,.,.,-0.00011395003360256246,0.0002034863140436315
SEC_CONTRIBUTORY_CAUSE[T.EXCEEDING AUTHORIZED SPEED LIMIT],0.000882121404827675,0.0009260672350589084,0.0005053946933738138,-0.0006691315020995658,-0.001739797320224709
SEC_CONTRIBUTORY_CAUSE[T.EXCEEDING SAFE SPEED FOR CONDITIONS],-0.00028151586517054234,.,0.0010869445836894603,-0.00029177632661208145,-0.0003871389378585148
SEC_CONTRIBUTORY_CAUSE[T.FAILING TO REDUCE SPEED TO AVOID CRASH],0.001645194594121807,0.006563107250384431,0.0034475801746909306,-0.0028934071836574757,-0.007670838173829
SEC_CONTRIBUTORY_CAUSE[T.FAILING TO YIELD RIGHT-OF-WAY],-0.0029017331699845842,0.003913117724213775,-0.0010247414876570359,0.00262635378243815,-0.0018913203947951997
SEC_CONTRIBUTORY_CAUSE[T.FOLLOWING TOO CLOSELY],-0.00307389649388974,-0.006943826862758617,0.0027222571234699127,-0.00044186381386996423,0.009339697717778489
SEC_CONTRIBUTORY_CAUSE[T.HAD BEEN DRINKING (USE WHEN ARREST IS NOT MADE)],0.0006302368590871122,0.00045930509983140526,-0.00020480783032231665,-0.0012561031946683365,0.00030751602286869823
SEC_CONTRIBUTORY_CAUSE[T.IMPROPER BACKING],-0.00026110365342903234,-0.0008382284147265705,0.002759706783944451,-0.0010039124556277305,-0.00012666719108012125
SEC_CONTRIBUTORY_CAUSE[T.IMPROPER LANE USAGE],-0.0011782807311214564,-0.002038585345833575,0.004115430837626117,0.0010820846151481974,-0.0013384407993450697
SEC_CONTRIBUTORY_CAUSE[T.IMPROPER OVERTAKING/PASSING],-0.0009542884860316452,0.00028722397683188873,0.003781709915269178,-0.001771410478270675,-0.0008233097172039653
SEC_CONTRIBUTORY_CAUSE[T.IMPROPER TURNING/NO SIGNAL],-0.001414824059364495,-0.0006781769024574152,0.0028684609827016256,0.0003486505395258122,-0.0010731481139468696
SEC_CONTRIBUTORY_CAUSE[T.MOTORCYCLE ADVANCING LEGALLY ON RED LIGHT],.,.,.,.,.
SEC_CONTRIBUTORY_CAUSE[T.NOT APPLICABLE],-0.02919405854685682,-0.058014179442706766,0.11169309201118206,0.003546222696224428,0.007428622956115688
SEC_CONTRIBUTORY_CAUSE[T.OBSTRUCTED CROSSWALKS],.,0.0001218625207369751,.,.,.
"SEC_CONTRIBUTORY_CAUSE[T.OPERATING VEHICLE IN ERRATIC, RECKLESS, CARELESS, NEGLIGENT OR AGGRESSIVE MANNER]",0.0022770623520964295,0.006042649105432798,0.00037793091553808676,-0.0029438043510148075,-0.00554610901994718
SEC_CONTRIBUTORY_CAUSE[T.PASSING STOPPED SCHOOL BUS],.,.,.,.,.
SEC_CONTRIBUTORY_CAUSE[T.PHYSICAL CONDITION OF DRIVER],0.0021750699112228185,0.004835046444881258,-0.0017638071237875317,-0.001532597068353057,-0.003236452340056696
SEC_CONTRIBUTORY_CAUSE[T.RELATED TO BUS STOP],.,-0.00021908604700734925,.,.,0.0004636021988016142
SEC_CONTRIBUTORY_CAUSE[T.ROAD CONSTRUCTION/MAINTENANCE],.,-0.0005516628780814269,0.0017943361102184454,-0.0004864031776754777,-0.0005790831502820472
SEC_CONTRIBUTORY_CAUSE[T.ROAD ENGINEERING/SURFACE/MARKING DEFECTS],-0.00022126191033182375,-0.000491295881618626,0.0017833461530652997,-0.0005105561501246662,-0.00030914897306581984
SEC_CONTRIBUTORY_CAUSE[T.TEXTING],.,-0.00023562330535890403,.,0.00013704163265740985,.
SEC_CONTRIBUTORY_CAUSE[T.TURNING RIGHT ON RED],-0.00010552900978523436,.,.,.,0.00011506271643692987
SEC_CONTRIBUTORY_CAUSE[T.UNABLE TO DETERMINE],-0.019834730992463294,-0.042068634965641595,0.08640283871297649,-0.011815580898768767,0.019348102235025418
SEC_CONTRIBUTORY_CAUSE[T.UNDER THE INFLUENCE OF ALCOHOL/DRUGS (USE WHEN ARREST IS EFFECTED)],0.0004393026545744602,0.0007726404772068938,0.0010809339637838677,-0.00096940295050267,-0.0013916037504715447
"SEC_CONTRIBUTORY_CAUSE[T.VISION OBSCURED (SIGNS, TREE LIMBS, BUILDINGS, ETC.)]",-0.000480404606314691,.,-0.00046442806654774476,0.0008967206508585419,.
SEC_CONTRIBUTORY_CAUSE[T.WEATHER],-0.002467410823801746,-0.0024270140834740214,0.0087159856133442,-0.0016207155131834096,-0.0008621997265891584
WORK_ZONE_TYPE[T.MAINTENANCE],.,-0.00017823829816006204,0.0007885331140996172,-0.00015290649341357225,-0.00036016670266839323
WORK_ZONE_TYPE[T.N/A],-0.07735872592463837,-0.07493906616901108,0.37910738701520047,-0.028939108746793115,-0.016629149518755045
WORK_ZONE_TYPE[T.UNKNOWN],-0.00014587583896499427,-0.00010078465940809105,0.0008982780842304889,-0.0003164386735933554,-0.00021251122041100387
WORK_ZONE_TYPE[T.UTILITY],.,.,0.00018419439987750073,-0.00018141530990346897,-0.00012063488183072423
CRASH_HOUR[T.1],0.006154265126148295,-0.0004098067447363807,0.01284329613757599,-0.009693574389748404,-0.009433626811926398
CRASH_HOUR[T.2],0.0051817242596480005,-0.002468708990847934,0.016412913426370027,-0.007014356309608995,-0.011068611210876938
CRASH_HOUR[T.3],0.0041445568341116415,-0.004575174381744219,0.01469099797032861,-0.0045339012164146,-0.008645318115363563
CRASH_HOUR[T.4],0.0023872214606901246,-0.004172437699767263,0.012468242550892406,-0.003614381975407411,-0.006090391680458686
CRASH_HOUR[T.5],0.001042601032443363,-0.002644130027843715,0.012608792740055741,-0.004696752964049959,-0.005034571948979319
CRASH_HOUR[T.6],-0.0019090772717344146,-0.00284178062874937,0.013704565200216257,-0.004857007597530459,-0.002212452570585571
CRASH_HOUR[T.7],-0.005736836504196399,-0.007620471332558417,0.010806613506643692,0.0003136753302369855,0.0026990029954960613
CRASH_HOUR[T.8],-0.005174720168179321,-0.008123344738324477,0.01084690301708304,-0.002693550060475478,0.0058645353675551804
CRASH_HOUR[T.9],-0.005657408092417404,-0.006572727320077072,0.013624975875251109,-0.0027144596040275964,0.0024343082077495494
CRASH_HOUR[T.10],-0.004929345224820283,-0.004797725607566247,0.01074129934397582,-0.0027639835852998236,0.002675401286655528
CRASH_HOUR[T.11],-0.004043891910869095,-0.002813195600505586,0.009855776643171624,-0.004638749051932339,0.002385329590139253
CRASH_HOUR[T.12],-0.0019563003796271372,-0.002002215968404478,0.008810113680936054,-0.007612969502102603,0.003413302695320655
CRASH_HOUR[T.13],-0.00617010107383083,-0.0018961248662045936,0.0016513177533325118,0.0007455636520597767,0.005790596626786746
CRASH_HOUR[T.14],-0.0060494950732572685,-0.001006541863856255,0.0012799988379285432,0.0025836859313720043,0.0028104984731148904
CRASH_HOUR[T.15],-0.0074595492353845185,-0.009900338904267897,-0.001558578464506438,0.0103534937577019,0.009334908611816288
CRASH_HOUR[T.16],-0.01014708816287206,-0.00679466030150861,0.0018525435477271433,0.009498016818926161,0.005761019371114849
CRASH_HOUR[T.17],-0.009061277284013501,-0.009191616495161212,-0.0034591569393469506,0.00779358174003697,0.014688404560800077
CRASH_HOUR[T.18],-0.007114597097213705,-0.0008762017407875375,-0.0031957325320081634,0.007032332953134339,0.003890733604867592
CRASH_HOUR[T.19],0.0008657214940878065,0.0039052041084906074,-0.005452586182716637,-0.0005579409155473536,0.0013086024062149628
CRASH_HOUR[T.20],0.001059032147501164,0.0012404233386815718,-0.0018022112441717158,0.0022703683610773425,-0.0027669490599924675
CRASH_HOUR[T.21],0.001848080253434834,0.0012363825165686323,-0.0017181841783692191,0.0033907356538925722,-0.005151795552817064
CRASH_HOUR[T.22],0.0024249204069477057,0.0038032384802458075,0.0023113905930985086,-0.004273051168945012,-0.004272786954909698
CRASH_HOUR[T.23],0.004635228526881282,0.0007065112485481865,0.009447327421685935,-0.005764073254260574,-0.009359080524394664
CRASH_DAY_OF_WEEK[T.2],-0.008490041543552351,-0.006730292867028789,0.02442814862786797,-0.008700990483526495,0.004090908473066299
CRASH_DAY_OF_WEEK[T.3],-0.013042003256292888,-0.01377787951594108,0.022271881520016544,-0.0025952015599251875,0.009573408705730112
CRASH_DAY_OF_WEEK[T.4],-0.00754680409709356,-0.022339239811790885,0.021448328909748418,0.004853869848895346,0.00481877293822272
CRASH_DAY_OF_WEEK[T.5],-0.006947438108581401,-0.02714735925675225,0.024370257559936832,0.0018144594925319963,0.009882290321106685
CRASH_DAY_OF_WEEK[T.6],-0.012688233552305243,-0.01658665349570705,0.029158250545693487,0.00113225432395303,0.0035848840964680475
CRASH_DAY_OF_WEEK[T.7],-0.002954924398886061,0.009859167764147012,0.025014998544008387,-0.009914250028985218,-0.018076817658439815
CRASH_MONTH[T.2],-0.004190416981026322,-0.01041457391048266,0.028014063225259143,-0.012069684590233058,0.003589236384045168
CRASH_MONTH[T.3],-0.003227312006721892,-0.006059175160145634,0.022648117584157648,-0.012139302832820924,0.002459986032323058
CRASH_MONTH[T.4],-0.005911286442345152,-0.006229000523112232,0.01868611675165026,-0.004407245665061783,0.0006134376573372772
CRASH_MONTH[T.5],-0.003491368570695378,0.0008142801593122883,0.0024730889903838305,0.0022229864964691034,-0.0026204437089296685
CRASH_MONTH[T.6],-0.0037874293680885346,-0.0003943063672948986,0.0048899895616479954,0.006224951844587668,-0.0074537451981554585
CRASH_MONTH[T.7],-0.0002112381721203305,0.0005934906975348527,0.0008966643790999318,0.007986905695744237,-0.009397105170539606
CRASH_MONTH[T.8],-0.002752714135884528,0.0008196996094953455,0.0012989324237081355,0.007468233531727215,-0.0073108930623625515
CRASH_MONTH[T.9],-0.002955986831398514,-0.0036134517436335837,0.0015196444693885483,0.006292405241755634,-0.001068017957430538
CRASH_MONTH[T.10],-0.006305053356927153,-0.010655280556935532,0.011906746635619553,-0.00030298665287489075,0.005935581081420787
CRASH_MONTH[T.11],-0.004772709831373288,-0.010685195401739756,0.020858338326535348,-0.006158951745187468,0.0037706683608707383
CRASH_MONTH[T.12],-0.0028879758019694063,-0.008501416689930619,0.0289003139827236,-0.009812168834414681,-0.0013148252291298632
LANE_CNT,-0.010478575165955526,0.0003168671318362913,0.011948841087433302,-0.009377089360398574,0.002607812792948413
BEAT_OF_OCCURRENCE,-0.0005063447271023074,-0.0003204579345219523,.,-0.00015759237858212034,.
NUM_UNITS,-0.14732176973642996,0.08161900345526052,0.14718314568176444,0.04514607233310792,0.026720040589058743
INJURIES_TOTAL,0.18694643664232044,1.3273687227438207,-3.4981471188939364,0.801975171926187,0.4506788283039755
INJURIES_FATAL,0.23032518391405854,-0.059358295993241064,-0.032676432846366794,-0.08535801113797192,-0.0361740440255326
INJURIES_INCAPACITATING,0.010618228136932906,2.01907050083636,-0.50111802880824,-0.8872201405784297,-0.45851313794818166
INJURIES_NON_INCAPACITATING,0.0014227780883576794,-0.06631865680308696,-1.2655920481458007,2.7229388710222446,-0.9673646170426436
INJURIES_REPORTED_NOT_EVIDENT,-0.04427113815820629,-0.39664422589554654,-1.0811585350931783,-0.42917827431013295,2.3837673507062913
INJURIES_NO_INDICATION,-0.23964550280748276,-0.08813895286985067,0.48449896624125577,0.1018144551859289,0.18068639813694098
INJURIES_UNKNOWN,.,.,.,.,.
